"accession","title","taxid","slen","organism","locCode","sampleID","Locality","State","Country","N","Lon","Lat"
"MH084732.1","Hetaerina americana isolate HamBo1 cytochrome oxidase subunit I gene, partial cds; mitochondrial",62018,635,"Hetaerina americana","Bo","01","El Borbollón","Guerrero","Mexico",10,-99.21634,17.412114
"MH084733.1","Hetaerina americana isolate HamBo2 cytochrome oxidase subunit I gene, partial cds; mitochondrial",62018,635,"Hetaerina americana","Bo","02","El Borbollón","Guerrero","Mexico",10,-99.21634,17.412114
"MH084734.1","Hetaerina americana isolate HamBo3 cytochrome oxidase subunit I gene, partial cds; mitochondrial",62018,635,"Hetaerina americana","Bo","03","El Borbollón","Guerrero","Mexico",10,-99.21634,17.412114
"MH084735.1","Hetaerina americana isolate HamBo4 cytochrome oxidase subunit I gene, partial cds; mitochondrial",62018,635,"Hetaerina americana","Bo","04","El Borbollón","Guerrero","Mexico",10,-99.21634,17.412114
"MH084736.1","Hetaerina americana isolate HamBo5 cytochrome oxidase subunit I gene, partial cds; mitochondrial",62018,635,"Hetaerina americana","Bo","05","El Borbollón","Guerrero","Mexico",10,-99.21634,17.412114
"MH084737.1","Hetaerina americana isolate HamBo6 cytochrome oxidase subunit I gene, partial cds; mitochondrial",62018,635,"Hetaerina americana","Bo","06","El Borbollón","Guerrero","Mexico",10,-99.21634,17.412114
"MH084738.1","Hetaerina americana isolate HamBo7 cytochrome oxidase subunit I gene, partial cds; mitochondrial",62018,635,"Hetaerina americana","Bo","07","El Borbollón","Guerrero","Mexico",10,-99.21634,17.412114
"MH084739.1","Hetaerina americana isolate HamBo8 cytochrome oxidase subunit I gene, partial cds; mitochondrial",62018,635,"Hetaerina americana","Bo","08","El Borbollón","Guerrero","Mexico",10,-99.21634,17.412114
"MH084740.1","Hetaerina americana isolate HamBo9 cytochrome oxidase subunit I gene, partial cds; mitochondrial",62018,635,"Hetaerina americana","Bo","09","El Borbollón","Guerrero","Mexico",10,-99.21634,17.412114
"MH084741.1","Hetaerina americana isolate HamBo10 cytochrome oxidase subunit I gene, partial cds; mitochondrial",62018,635,"Hetaerina americana","Bo","10","El Borbollón","Guerrero","Mexico",10,-99.21634,17.412114
"MH090478.1","Hetaerina americana voucher HamAF1 cytochrome oxidase subunit I gene, partial cds; mitochondrial",62018,629,"Hetaerina americana","AF","01","Arroyo Frío","Michoacán","Mexico",1,-101.45799,19.163265
"MH090479.1","Hetaerina americana voucher HamBHC1 cytochrome oxidase subunit I gene, partial cds; mitochondrial",62018,629,"Hetaerina americana","BHC","01","Big Horn County","Montana","USA",2,-107.45367,45.568608
"MH090480.1","Hetaerina americana voucher HamBHC2 cytochrome oxidase subunit I gene, partial cds; mitochondrial",62018,629,"Hetaerina americana","BHC","02","Big Horn County","Montana","USA",2,-107.45367,45.568608
"MH090481.1","Hetaerina americana voucher HamCC1 cytochrome oxidase subunit I gene, partial cds; mitochondrial",62018,629,"Hetaerina americana","CC","01","Chiapa de Corzo","Chiapas","Mexico",10,-93.013803,16.715415
"MH090482.1","Hetaerina calverti voucher HamCC10 cytochrome oxidase subunit I gene, partial cds; mitochondrial",2606447,629,"Hetaerina calverti","CC","10","Chiapa de Corzo","Chiapas","Mexico",10,-93.013803,16.715415
"MH090483.1","Hetaerina calverti voucher HamCC2 cytochrome oxidase subunit I gene, partial cds; mitochondrial",2606447,629,"Hetaerina calverti","CC","02","Chiapa de Corzo","Chiapas","Mexico",10,-93.013803,16.715415
"MH090484.1","Hetaerina americana voucher HamCC3 cytochrome oxidase subunit I gene, partial cds; mitochondrial",62018,629,"Hetaerina americana","CC","03","Chiapa de Corzo","Chiapas","Mexico",10,-93.013803,16.715415
"MH090485.1","Hetaerina americana voucher HamCC4 cytochrome oxidase subunit I gene, partial cds; mitochondrial",62018,629,"Hetaerina americana","CC","04","Chiapa de Corzo","Chiapas","Mexico",10,-93.013803,16.715415
"MH090486.1","Hetaerina calverti voucher HamCC5 cytochrome oxidase subunit I gene, partial cds; mitochondrial",2606447,629,"Hetaerina calverti","CC","05","Chiapa de Corzo","Chiapas","Mexico",10,-93.013803,16.715415
"MH090487.1","Hetaerina americana voucher HamCC6 cytochrome oxidase subunit I gene, partial cds; mitochondrial",62018,629,"Hetaerina americana","CC","06","Chiapa de Corzo","Chiapas","Mexico",10,-93.013803,16.715415
"MH090488.1","Hetaerina americana voucher HamCC7 cytochrome oxidase subunit I gene, partial cds; mitochondrial",62018,629,"Hetaerina americana","CC","07","Chiapa de Corzo","Chiapas","Mexico",10,-93.013803,16.715415
"MH090489.1","Hetaerina calverti voucher HamCC8 cytochrome oxidase subunit I gene, partial cds; mitochondrial",2606447,629,"Hetaerina calverti","CC","08","Chiapa de Corzo","Chiapas","Mexico",10,-93.013803,16.715415
"MH090490.1","Hetaerina americana voucher HamCC9 cytochrome oxidase subunit I gene, partial cds; mitochondrial",62018,629,"Hetaerina americana","CC","09","Chiapa de Corzo","Chiapas","Mexico",10,-93.013803,16.715415
"MH090491.1","Hetaerina americana voucher HamCm10 cytochrome oxidase subunit I gene, partial cds; mitochondrial",62018,629,"Hetaerina americana","Cm","10","Comitancillo","Oaxaca","Mexico",10,-95.167071,16.490491
"MH090492.1","Hetaerina americana voucher HamCm2 cytochrome oxidase subunit I gene, partial cds; mitochondrial",62018,629,"Hetaerina americana","Cm","02","Comitancillo","Oaxaca","Mexico",10,-95.167071,16.490491
"MH090493.1","Hetaerina americana voucher HamCm3 cytochrome oxidase subunit I gene, partial cds; mitochondrial",62018,629,"Hetaerina americana","Cm","03","Comitancillo","Oaxaca","Mexico",10,-95.167071,16.490491
"MH090494.1","Hetaerina americana voucher HamCm4 cytochrome oxidase subunit I gene, partial cds; mitochondrial",62018,629,"Hetaerina americana","Cm","04","Comitancillo","Oaxaca","Mexico",10,-95.167071,16.490491
"MH090495.1","Hetaerina americana voucher HamCm5 cytochrome oxidase subunit I gene, partial cds; mitochondrial",62018,629,"Hetaerina americana","Cm","05","Comitancillo","Oaxaca","Mexico",10,-95.167071,16.490491
"MH090496.1","Hetaerina americana voucher HamCm6 cytochrome oxidase subunit I gene, partial cds; mitochondrial",62018,629,"Hetaerina americana","Cm","06","Comitancillo","Oaxaca","Mexico",10,-95.167071,16.490491
"MH090497.1","Hetaerina americana voucher HamCm7 cytochrome oxidase subunit I gene, partial cds; mitochondrial",62018,629,"Hetaerina americana","Cm","07","Comitancillo","Oaxaca","Mexico",10,-95.167071,16.490491
"MH090498.1","Hetaerina americana voucher HamCm8 cytochrome oxidase subunit I gene, partial cds; mitochondrial",62018,629,"Hetaerina americana","Cm","08","Comitancillo","Oaxaca","Mexico",10,-95.167071,16.490491
"MH090499.1","Hetaerina americana voucher HamCm9 cytochrome oxidase subunit I gene, partial cds; mitochondrial",62018,629,"Hetaerina americana","Cm","09","Comitancillo","Oaxaca","Mexico",10,-95.167071,16.490491
"MH090500.1","Hetaerina americana voucher HamCo1 cytochrome oxidase subunit I gene, partial cds; mitochondrial",62018,629,"Hetaerina americana","Co","01","Cocoyotla","Morelos","Mexico",10,-99.46094,18.75354
"MH090501.1","Hetaerina americana voucher HamCo10 cytochrome oxidase subunit I gene, partial cds; mitochondrial",62018,629,"Hetaerina americana","Co","10","Cocoyotla","Morelos","Mexico",10,-99.46094,18.75354
"MH090502.1","Hetaerina americana voucher HamCo2 cytochrome oxidase subunit I gene, partial cds; mitochondrial",62018,629,"Hetaerina americana","Co","02","Cocoyotla","Morelos","Mexico",10,-99.46094,18.75354
"MH090503.1","Hetaerina americana voucher HamCo3 cytochrome oxidase subunit I gene, partial cds; mitochondrial",62018,629,"Hetaerina americana","Co","03","Cocoyotla","Morelos","Mexico",10,-99.46094,18.75354
"MH090504.1","Hetaerina americana voucher HamCo4 cytochrome oxidase subunit I gene, partial cds; mitochondrial",62018,629,"Hetaerina americana","Co","04","Cocoyotla","Morelos","Mexico",10,-99.46094,18.75354
"MH090505.1","Hetaerina americana voucher HamCo5 cytochrome oxidase subunit I gene, partial cds; mitochondrial",62018,629,"Hetaerina americana","Co","05","Cocoyotla","Morelos","Mexico",10,-99.46094,18.75354
"MH090506.1","Hetaerina americana voucher HamCo6 cytochrome oxidase subunit I gene, partial cds; mitochondrial",62018,629,"Hetaerina americana","Co","06","Cocoyotla","Morelos","Mexico",10,-99.46094,18.75354
"MH090507.1","Hetaerina americana voucher HamCo7 cytochrome oxidase subunit I gene, partial cds; mitochondrial",62018,629,"Hetaerina americana","Co","07","Cocoyotla","Morelos","Mexico",10,-99.46094,18.75354
"MH090508.1","Hetaerina americana voucher HamCo8 cytochrome oxidase subunit I gene, partial cds; mitochondrial",62018,629,"Hetaerina americana","Co","08","Cocoyotla","Morelos","Mexico",10,-99.46094,18.75354
"MH090509.1","Hetaerina americana voucher HamCo9 cytochrome oxidase subunit I gene, partial cds; mitochondrial",62018,629,"Hetaerina americana","Co","09","Cocoyotla","Morelos","Mexico",10,-99.46094,18.75354
"MH090510.1","Hetaerina americana voucher HamCp1 cytochrome oxidase subunit I gene, partial cds; mitochondrial",62018,629,"Hetaerina americana","Cp","01","Chupícuaro","Guanajuato","Mexico",10,-100.687669,20.072121
"MH090511.1","Hetaerina americana voucher HamCp10 cytochrome oxidase subunit I gene, partial cds; mitochondrial",62018,629,"Hetaerina americana","Cp","10","Chupícuaro","Guanajuato","Mexico",10,-100.687669,20.072121
"MH090512.1","Hetaerina americana voucher HamCp2 cytochrome oxidase subunit I gene, partial cds; mitochondrial",62018,629,"Hetaerina americana","Cp","02","Chupícuaro","Guanajuato","Mexico",10,-100.687669,20.072121
"MH090513.1","Hetaerina americana voucher HamCp3 cytochrome oxidase subunit I gene, partial cds; mitochondrial",62018,629,"Hetaerina americana","Cp","03","Chupícuaro","Guanajuato","Mexico",10,-100.687669,20.072121
"MH090514.1","Hetaerina americana voucher HamCp4 cytochrome oxidase subunit I gene, partial cds; mitochondrial",62018,629,"Hetaerina americana","Cp","04","Chupícuaro","Guanajuato","Mexico",10,-100.687669,20.072121
"MH090515.1","Hetaerina americana voucher HamCp5 cytochrome oxidase subunit I gene, partial cds; mitochondrial",62018,629,"Hetaerina americana","Cp","05","Chupícuaro","Guanajuato","Mexico",10,-100.687669,20.072121
"MH090516.1","Hetaerina americana voucher HamCp6 cytochrome oxidase subunit I gene, partial cds; mitochondrial",62018,629,"Hetaerina americana","Cp","06","Chupícuaro","Guanajuato","Mexico",10,-100.687669,20.072121
"MH090517.1","Hetaerina americana voucher HamCp8 cytochrome oxidase subunit I gene, partial cds; mitochondrial",62018,629,"Hetaerina americana","Cp","08","Chupícuaro","Guanajuato","Mexico",10,-100.687669,20.072121
"MH090518.1","Hetaerina americana voucher HamCrC1 cytochrome oxidase subunit I gene, partial cds; mitochondrial",62018,629,"Hetaerina americana","CrC","01","Crawford County","Kansas","USA",1,-94.65174,37.46924
"MH090519.1","Hetaerina calverti voucher HamCt1 cytochrome oxidase subunit I gene, partial cds; mitochondrial",2606447,629,"Hetaerina calverti","Ct","01","Cuatro Ciénegas","Coahuila","Mexico",10,-102.12426,26.92852
"MH090520.1","Hetaerina calverti voucher HamCt10 cytochrome oxidase subunit I gene, partial cds; mitochondrial",2606447,629,"Hetaerina calverti","Ct","10","Cuatro Ciénegas","Coahuila","Mexico",10,-102.12426,26.92852
"MH090521.1","Hetaerina calverti voucher HamCt2 cytochrome oxidase subunit I gene, partial cds; mitochondrial",2606447,629,"Hetaerina calverti","Ct","02","Cuatro Ciénegas","Coahuila","Mexico",10,-102.12426,26.92852
"MH090522.1","Hetaerina calverti voucher HamCt3 cytochrome oxidase subunit I gene, partial cds; mitochondrial",2606447,629,"Hetaerina calverti","Ct","03","Cuatro Ciénegas","Coahuila","Mexico",10,-102.12426,26.92852
"MH090523.1","Hetaerina calverti voucher HamCt4 cytochrome oxidase subunit I gene, partial cds; mitochondrial",2606447,629,"Hetaerina calverti","Ct","04","Cuatro Ciénegas","Coahuila","Mexico",10,-102.12426,26.92852
"MH090524.1","Hetaerina calverti voucher HamCt5 cytochrome oxidase subunit I gene, partial cds; mitochondrial",2606447,629,"Hetaerina calverti","Ct","05","Cuatro Ciénegas","Coahuila","Mexico",10,-102.12426,26.92852
"MH090525.1","Hetaerina calverti voucher HamCt6 cytochrome oxidase subunit I gene, partial cds; mitochondrial",2606447,629,"Hetaerina calverti","Ct","06","Cuatro Ciénegas","Coahuila","Mexico",10,-102.12426,26.92852
"MH090526.1","Hetaerina calverti voucher HamCt7 cytochrome oxidase subunit I gene, partial cds; mitochondrial",2606447,629,"Hetaerina calverti","Ct","07","Cuatro Ciénegas","Coahuila","Mexico",10,-102.12426,26.92852
"MH090527.1","Hetaerina calverti voucher HamCt8 cytochrome oxidase subunit I gene, partial cds; mitochondrial",2606447,629,"Hetaerina calverti","Ct","08","Cuatro Ciénegas","Coahuila","Mexico",10,-102.12426,26.92852
"MH090528.1","Hetaerina calverti voucher HamCt9 cytochrome oxidase subunit I gene, partial cds; mitochondrial",2606447,629,"Hetaerina calverti","Ct","09","Cuatro Ciénegas","Coahuila","Mexico",10,-102.12426,26.92852
"MH090529.1","Hetaerina americana voucher HamCu1 cytochrome oxidase subunit I gene, partial cds; mitochondrial",62018,632,"Hetaerina americana","Cu","01","Carretera Culiacán-Guamuchil","Sinaloa","Mexico",1,-107.855344,25.048578
"MH090530.1","Hetaerina americana voucher HamDC1 cytochrome oxidase subunit I gene, partial cds; mitochondrial",62018,629,"Hetaerina americana","DC","01","Douglas County","Missouri","USA",2,-92.18117,36.8493
"MH090531.1","Hetaerina americana voucher HamDC2 cytochrome oxidase subunit I gene, partial cds; mitochondrial",62018,629,"Hetaerina americana","DC","02","Douglas County","Missouri","USA",2,-92.18117,36.8493
"MH090532.1","Hetaerina americana voucher HamEF1 cytochrome oxidase subunit I gene, partial cds; mitochondrial",62018,632,"Hetaerina americana","EF","01","El Fuerte","Sinaloa","Mexico",10,-108.621821,26.424746
"MH090533.1","Hetaerina americana voucher HamEF10 cytochrome oxidase subunit I gene, partial cds; mitochondrial",62018,632,"Hetaerina americana","EF","10","El Fuerte","Sinaloa","Mexico",10,-108.621821,26.424746
"MH090534.1","Hetaerina americana voucher HamEF2 cytochrome oxidase subunit I gene, partial cds; mitochondrial",62018,632,"Hetaerina americana","EF","02","El Fuerte","Sinaloa","Mexico",10,-108.621821,26.424746
"MH090535.1","Hetaerina americana voucher HamEF3 cytochrome oxidase subunit I gene, partial cds; mitochondrial",62018,632,"Hetaerina americana","EF","03","El Fuerte","Sinaloa","Mexico",10,-108.621821,26.424746
"MH090536.1","Hetaerina calverti voucher HamEF4 cytochrome oxidase subunit I gene, partial cds; mitochondrial",2606447,632,"Hetaerina calverti","EF","04","El Fuerte","Sinaloa","Mexico",10,-108.621821,26.424746
"MH090537.1","Hetaerina americana voucher HamEF5 cytochrome oxidase subunit I gene, partial cds; mitochondrial",62018,632,"Hetaerina americana","EF","05","El Fuerte","Sinaloa","Mexico",10,-108.621821,26.424746
"MH090538.1","Hetaerina americana voucher HamEF6 cytochrome oxidase subunit I gene, partial cds; mitochondrial",62018,632,"Hetaerina americana","EF","06","El Fuerte","Sinaloa","Mexico",10,-108.621821,26.424746
"MH090539.1","Hetaerina calverti voucher HamEF7 cytochrome oxidase subunit I gene, partial cds; mitochondrial",2606447,632,"Hetaerina calverti","EF","07","El Fuerte","Sinaloa","Mexico",10,-108.621821,26.424746
"MH090540.1","Hetaerina calverti voucher HamEF8 cytochrome oxidase subunit I gene, partial cds; mitochondrial",2606447,632,"Hetaerina calverti","EF","08","El Fuerte","Sinaloa","Mexico",10,-108.621821,26.424746
"MH090541.1","Hetaerina calverti voucher HamEF9 cytochrome oxidase subunit I gene, partial cds; mitochondrial",2606447,632,"Hetaerina calverti","EF","09","El Fuerte","Sinaloa","Mexico",10,-108.621821,26.424746
"MH090542.1","Hetaerina americana voucher HamLC1 cytochrome oxidase subunit I gene, partial cds; mitochondrial",62018,629,"Hetaerina americana","LC","01","Larimer County","Colorado","USA",9,-105.019276,40.557465
"MH090543.1","Hetaerina americana voucher HamLC2 cytochrome oxidase subunit I gene, partial cds; mitochondrial",62018,629,"Hetaerina americana","LC","02","Larimer County","Colorado","USA",9,-105.019276,40.557465
"MH090544.1","Hetaerina americana voucher HamLC3 cytochrome oxidase subunit I gene, partial cds; mitochondrial",62018,629,"Hetaerina americana","LC","03","Larimer County","Colorado","USA",9,-105.019276,40.557465
"MH090545.1","Hetaerina americana voucher HamLC4 cytochrome oxidase subunit I gene, partial cds; mitochondrial",62018,629,"Hetaerina americana","LC","04","Larimer County","Colorado","USA",9,-105.019276,40.557465
"MH090546.1","Hetaerina americana voucher HamLC6 cytochrome oxidase subunit I gene, partial cds; mitochondrial",62018,629,"Hetaerina americana","LC","06","Larimer County","Colorado","USA",9,-105.019276,40.557465
"MH090547.1","Hetaerina americana voucher HamLC7 cytochrome oxidase subunit I gene, partial cds; mitochondrial",62018,629,"Hetaerina americana","LC","07","Larimer County","Colorado","USA",9,-105.019276,40.557465
"MH090548.1","Hetaerina americana voucher HamLC8 cytochrome oxidase subunit I gene, partial cds; mitochondrial",62018,629,"Hetaerina americana","LC","08","Larimer County","Colorado","USA",9,-105.019276,40.557465
"MH090549.1","Hetaerina americana voucher HamLC9 cytochrome oxidase subunit I gene, partial cds; mitochondrial",62018,629,"Hetaerina americana","LC","09","Larimer County","Colorado","USA",9,-105.019276,40.557465
"MH090550.1","Hetaerina americana voucher HamMC1 cytochrome oxidase subunit I gene, partial cds; mitochondrial",62018,629,"Hetaerina americana","MC","01","Maury County","Tennessee","USA",2,-86.87155,35.571
"MH090551.1","Hetaerina americana voucher HamMC2 cytochrome oxidase subunit I gene, partial cds; mitochondrial",62018,629,"Hetaerina americana","MC","02","Maury County","Tennessee","USA",2,-86.87155,35.571
"MH090552.1","Hetaerina americana voucher HamMn10 cytochrome oxidase subunit I gene, partial cds; mitochondrial",62018,629,"Hetaerina americana","Mn","10","La Mintzita","Michoacán","Mexico",10,-101.274796,19.645084
"MH090553.1","Hetaerina americana voucher HamMn11 cytochrome oxidase subunit I gene, partial cds; mitochondrial",62018,629,"Hetaerina americana","Mn","11","La Mintzita","Michoacán","Mexico",10,-101.274796,19.645084
"MH090554.1","Hetaerina americana voucher HamMn2 cytochrome oxidase subunit I gene, partial cds; mitochondrial",62018,629,"Hetaerina americana","Mn","02","La Mintzita","Michoacán","Mexico",10,-101.274796,19.645084
"MH090555.1","Hetaerina americana voucher HamMn3 cytochrome oxidase subunit I gene, partial cds; mitochondrial",62018,629,"Hetaerina americana","Mn","03","La Mintzita","Michoacán","Mexico",10,-101.274796,19.645084
"MH090556.1","Hetaerina americana voucher HamMn4 cytochrome oxidase subunit I gene, partial cds; mitochondrial",62018,629,"Hetaerina americana","Mn","04","La Mintzita","Michoacán","Mexico",10,-101.274796,19.645084
"MH090557.1","Hetaerina americana voucher HamMn5 cytochrome oxidase subunit I gene, partial cds; mitochondrial",62018,629,"Hetaerina americana","Mn","05","La Mintzita","Michoacán","Mexico",10,-101.274796,19.645084
"MH090558.1","Hetaerina americana voucher HamMn6 cytochrome oxidase subunit I gene, partial cds; mitochondrial",62018,629,"Hetaerina americana","Mn","06","La Mintzita","Michoacán","Mexico",10,-101.274796,19.645084
"MH090559.1","Hetaerina americana voucher HamMn7 cytochrome oxidase subunit I gene, partial cds; mitochondrial",62018,629,"Hetaerina americana","Mn","07","La Mintzita","Michoacán","Mexico",10,-101.274796,19.645084
"MH090560.1","Hetaerina americana voucher HamMn8 cytochrome oxidase subunit I gene, partial cds; mitochondrial",62018,629,"Hetaerina americana","Mn","08","La Mintzita","Michoacán","Mexico",10,-101.274796,19.645084
"MH090561.1","Hetaerina americana voucher HamMn9 cytochrome oxidase subunit I gene, partial cds; mitochondrial",62018,629,"Hetaerina americana","Mn","09","La Mintzita","Michoacán","Mexico",10,-101.274796,19.645084
"MH090562.1","Hetaerina americana voucher HamMo1 cytochrome oxidase subunit I gene, partial cds; mitochondrial",62018,629,"Hetaerina americana","Mo","01","Momax","Zacatecas","Mexico",10,-103.31071,21.94449
"MH090563.1","Hetaerina americana voucher HamMo10 cytochrome oxidase subunit I gene, partial cds; mitochondrial",62018,629,"Hetaerina americana","Mo","10","Momax","Zacatecas","Mexico",10,-103.31071,21.94449
"MH090564.1","Hetaerina americana voucher HamMo2 cytochrome oxidase subunit I gene, partial cds; mitochondrial",62018,629,"Hetaerina americana","Mo","02","Momax","Zacatecas","Mexico",10,-103.31071,21.94449
"MH090565.1","Hetaerina americana voucher HamMo3 cytochrome oxidase subunit I gene, partial cds; mitochondrial",62018,629,"Hetaerina americana","Mo","03","Momax","Zacatecas","Mexico",10,-103.31071,21.94449
"MH090566.1","Hetaerina americana voucher HamMo4 cytochrome oxidase subunit I gene, partial cds; mitochondrial",62018,629,"Hetaerina americana","Mo","04","Momax","Zacatecas","Mexico",10,-103.31071,21.94449
"MH090567.1","Hetaerina americana voucher HamMo5 cytochrome oxidase subunit I gene, partial cds; mitochondrial",62018,629,"Hetaerina americana","Mo","05","Momax","Zacatecas","Mexico",10,-103.31071,21.94449
"MH090568.1","Hetaerina americana voucher HamMo6 cytochrome oxidase subunit I gene, partial cds; mitochondrial",62018,629,"Hetaerina americana","Mo","06","Momax","Zacatecas","Mexico",10,-103.31071,21.94449
"MH090569.1","Hetaerina americana voucher HamMo7 cytochrome oxidase subunit I gene, partial cds; mitochondrial",62018,629,"Hetaerina americana","Mo","07","Momax","Zacatecas","Mexico",10,-103.31071,21.94449
"MH090570.1","Hetaerina americana voucher HamMo8 cytochrome oxidase subunit I gene, partial cds; mitochondrial",62018,629,"Hetaerina americana","Mo","08","Momax","Zacatecas","Mexico",10,-103.31071,21.94449
"MH090571.1","Hetaerina americana voucher HamMo9 cytochrome oxidase subunit I gene, partial cds; mitochondrial",62018,629,"Hetaerina americana","Mo","09","Momax","Zacatecas","Mexico",10,-103.31071,21.94449
"MH090572.1","Hetaerina americana voucher HamNR1 cytochrome oxidase subunit I gene, partial cds; mitochondrial",62018,629,"Hetaerina americana","NR","01","Nuevo Recuerdo","Chiapas","Mexico",10,-91.99499,15.90103
"MH090573.1","Hetaerina americana voucher HamNR10 cytochrome oxidase subunit I gene, partial cds; mitochondrial",62018,629,"Hetaerina americana","NR","10","Nuevo Recuerdo","Chiapas","Mexico",10,-91.99499,15.90103
"MH090574.1","Hetaerina calverti voucher HamNR2 cytochrome oxidase subunit I gene, partial cds; mitochondrial",2606447,629,"Hetaerina calverti","NR","02","Nuevo Recuerdo","Chiapas","Mexico",10,-91.99499,15.90103
"MH090575.1","Hetaerina americana voucher HamNR3 cytochrome oxidase subunit I gene, partial cds; mitochondrial",62018,629,"Hetaerina americana","NR","03","Nuevo Recuerdo","Chiapas","Mexico",10,-91.99499,15.90103
"MH090576.1","Hetaerina americana voucher HamNR4 cytochrome oxidase subunit I gene, partial cds; mitochondrial",62018,629,"Hetaerina americana","NR","04","Nuevo Recuerdo","Chiapas","Mexico",10,-91.99499,15.90103
"MH090577.1","Hetaerina calverti voucher HamNR5 cytochrome oxidase subunit I gene, partial cds; mitochondrial",2606447,629,"Hetaerina calverti","NR","05","Nuevo Recuerdo","Chiapas","Mexico",10,-91.99499,15.90103
"MH090578.1","Hetaerina americana voucher HamNR6 cytochrome oxidase subunit I gene, partial cds; mitochondrial",62018,629,"Hetaerina americana","NR","06","Nuevo Recuerdo","Chiapas","Mexico",10,-91.99499,15.90103
"MH090579.1","Hetaerina americana voucher HamNR7 cytochrome oxidase subunit I gene, partial cds; mitochondrial",62018,629,"Hetaerina americana","NR","07","Nuevo Recuerdo","Chiapas","Mexico",10,-91.99499,15.90103
"MH090580.1","Hetaerina americana voucher HamNR8 cytochrome oxidase subunit I gene, partial cds; mitochondrial",62018,629,"Hetaerina americana","NR","08","Nuevo Recuerdo","Chiapas","Mexico",10,-91.99499,15.90103
"MH090581.1","Hetaerina calverti voucher HamNR9 cytochrome oxidase subunit I gene, partial cds; mitochondrial",2606447,629,"Hetaerina calverti","NR","09","Nuevo Recuerdo","Chiapas","Mexico",10,-91.99499,15.90103
"MH090582.1","Hetaerina americana voucher HamNy1 cytochrome oxidase subunit I gene, partial cds; mitochondrial",62018,635,"Hetaerina americana","Ny","01","Camichines","Nayarit","Mexico",10,-104.688813,21.345635
"MH090583.1","Hetaerina americana voucher HamNy10 cytochrome oxidase subunit I gene, partial cds; mitochondrial",62018,635,"Hetaerina americana","Ny","10","Camichines","Nayarit","Mexico",10,-104.688813,21.345635
"MH090584.1","Hetaerina americana voucher HamNy2 cytochrome oxidase subunit I gene, partial cds; mitochondrial",62018,635,"Hetaerina americana","Ny","02","Camichines","Nayarit","Mexico",10,-104.688813,21.345635
"MH090585.1","Hetaerina americana voucher HamNy3 cytochrome oxidase subunit I gene, partial cds; mitochondrial",62018,635,"Hetaerina americana","Ny","03","Camichines","Nayarit","Mexico",10,-104.688813,21.345635
"MH090586.1","Hetaerina americana voucher HamNy4 cytochrome oxidase subunit I gene, partial cds; mitochondrial",62018,635,"Hetaerina americana","Ny","04","Camichines","Nayarit","Mexico",10,-104.688813,21.345635
"MH090587.1","Hetaerina americana voucher HamNy5 cytochrome oxidase subunit I gene, partial cds; mitochondrial",62018,635,"Hetaerina americana","Ny","05","Camichines","Nayarit","Mexico",10,-104.688813,21.345635
"MH090588.1","Hetaerina americana voucher HamNy6 cytochrome oxidase subunit I gene, partial cds; mitochondrial",62018,635,"Hetaerina americana","Ny","06","Camichines","Nayarit","Mexico",10,-104.688813,21.345635
"MH090589.1","Hetaerina americana voucher HamNy7 cytochrome oxidase subunit I gene, partial cds; mitochondrial",62018,635,"Hetaerina americana","Ny","07","Camichines","Nayarit","Mexico",10,-104.688813,21.345635
"MH090590.1","Hetaerina americana voucher HamNy8 cytochrome oxidase subunit I gene, partial cds; mitochondrial",62018,635,"Hetaerina americana","Ny","08","Camichines","Nayarit","Mexico",10,-104.688813,21.345635
"MH090591.1","Hetaerina americana voucher HamNy9 cytochrome oxidase subunit I gene, partial cds; mitochondrial",62018,635,"Hetaerina americana","Ny","09","Camichines","Nayarit","Mexico",10,-104.688813,21.345635
"MH090592.1","Hetaerina americana voucher HamOC1 cytochrome oxidase subunit I gene, partial cds; mitochondrial",62018,629,"Hetaerina americana","OC","01","Ozark County","Missouri","USA",2,-92.28699,36.73524
"MH090593.1","Hetaerina americana voucher HamOC2 cytochrome oxidase subunit I gene, partial cds; mitochondrial",62018,629,"Hetaerina americana","OC","02","Ozark County","Missouri","USA",2,-92.28699,36.73524
"MH090594.1","Hetaerina americana voucher HamPM1 cytochrome oxidase subunit I gene, partial cds; mitochondrial",62018,662,"Hetaerina americana","PM","01","Puente Madera","Chiapas","Mexico",2,-93.33325,15.76587
"MH090595.1","Hetaerina americana voucher HamRC1 cytochrome oxidase subunit I gene, partial cds; mitochondrial",62018,662,"Hetaerina americana","RC","01","Río Cuyamiapa","Chiapas","Mexico",1,-92.437407,15.117529
"MH090596.1","Hetaerina americana voucher HamRCh1 cytochrome oxidase subunit I gene, partial cds; mitochondrial",62018,635,"Hetaerina americana","RCh","01","Río Chonchos","Chihuahua","Mexico",8,-105.187726,27.71242
"MH090597.1","Hetaerina americana voucher HamRCh2 cytochrome oxidase subunit I gene, partial cds; mitochondrial",62018,635,"Hetaerina americana","RCh","02","Río Chonchos","Chihuahua","Mexico",8,-105.187726,27.71242
"MH090598.1","Hetaerina americana voucher HamRCh3 cytochrome oxidase subunit I gene, partial cds; mitochondrial",62018,635,"Hetaerina americana","RCh","03","Río Chonchos","Chihuahua","Mexico",8,-105.187726,27.71242
"MH090599.1","Hetaerina americana voucher HamRCh4 cytochrome oxidase subunit I gene, partial cds; mitochondrial",62018,635,"Hetaerina americana","RCh","04","Río Chonchos","Chihuahua","Mexico",8,-105.187726,27.71242
"MH090600.1","Hetaerina americana voucher HamRCh5 cytochrome oxidase subunit I gene, partial cds; mitochondrial",62018,635,"Hetaerina americana","RCh","05","Río Chonchos","Chihuahua","Mexico",8,-105.187726,27.71242
"MH090601.1","Hetaerina americana voucher HamRCh6 cytochrome oxidase subunit I gene, partial cds; mitochondrial",62018,635,"Hetaerina americana","RCh","06","Río Chonchos","Chihuahua","Mexico",8,-105.187726,27.71242
"MH090602.1","Hetaerina americana voucher HamRCh7 cytochrome oxidase subunit I gene, partial cds; mitochondrial",62018,635,"Hetaerina americana","RCh","07","Río Chonchos","Chihuahua","Mexico",8,-105.187726,27.71242
"MH090603.1","Hetaerina americana voucher HamRCh8 cytochrome oxidase subunit I gene, partial cds; mitochondrial",62018,635,"Hetaerina americana","RCh","08","Río Chonchos","Chihuahua","Mexico",8,-105.187726,27.71242
"MH090604.1","Hetaerina americana voucher HamSA1 cytochrome oxidase subunit I gene, partial cds; mitochondrial",62018,629,"Hetaerina americana","SA","01","San Agustín","Hidalgo","Mexico",4,-98.6425,20.52911
"MH090605.1","Hetaerina americana voucher HamSA2 cytochrome oxidase subunit I gene, partial cds; mitochondrial",62018,629,"Hetaerina americana","SA","02","San Agustín","Hidalgo","Mexico",4,-98.6425,20.52911
"MH090606.1","Hetaerina americana voucher HamSA3 cytochrome oxidase subunit I gene, partial cds; mitochondrial",62018,629,"Hetaerina americana","SA","03","San Agustín","Hidalgo","Mexico",4,-98.6425,20.52911
"MH090607.1","Hetaerina americana voucher HamSA4 cytochrome oxidase subunit I gene, partial cds; mitochondrial",62018,629,"Hetaerina americana","SA","04","San Agustín","Hidalgo","Mexico",4,-98.6425,20.52911
"MH090608.1","Hetaerina americana voucher HamSC1 cytochrome oxidase subunit I gene, partial cds; mitochondrial",62018,629,"Hetaerina americana","SC","01","Searcy County","Arkansas","USA",2,-92.74495,35.98511
"MH090609.1","Hetaerina americana voucher HamSC2 cytochrome oxidase subunit I gene, partial cds; mitochondrial",62018,629,"Hetaerina americana","SC","02","Searcy County","Arkansas","USA",2,-92.74495,35.98511
"MH090610.1","Hetaerina calverti voucher HamSG1 cytochrome oxidase subunit I gene, partial cds; mitochondrial",2606447,629,"Hetaerina calverti","SG","01","Sacapulas","Quiché","Guatemala",10,-91.089086,15.290081
"MH090611.1","Hetaerina calverti voucher HamSG10 cytochrome oxidase subunit I gene, partial cds; mitochondrial",2606447,629,"Hetaerina calverti","SG","10","Sacapulas","Quiché","Guatemala",10,-91.089086,15.290081
"MH090612.1","Hetaerina calverti voucher HamSG2 cytochrome oxidase subunit I gene, partial cds; mitochondrial",2606447,629,"Hetaerina calverti","SG","02","Sacapulas","Quiché","Guatemala",10,-91.089086,15.290081
"MH090613.1","Hetaerina calverti voucher HamSG3 cytochrome oxidase subunit I gene, partial cds; mitochondrial",2606447,629,"Hetaerina calverti","SG","03","Sacapulas","Quiché","Guatemala",10,-91.089086,15.290081
"MH090614.1","Hetaerina calverti voucher HamSG4 cytochrome oxidase subunit I gene, partial cds; mitochondrial",2606447,629,"Hetaerina calverti","SG","04","Sacapulas","Quiché","Guatemala",10,-91.089086,15.290081
"MH090615.1","Hetaerina calverti voucher HamSG5 cytochrome oxidase subunit I gene, partial cds; mitochondrial",2606447,629,"Hetaerina calverti","SG","05","Sacapulas","Quiché","Guatemala",10,-91.089086,15.290081
"MH090616.1","Hetaerina calverti voucher HamSG6 cytochrome oxidase subunit I gene, partial cds; mitochondrial",2606447,629,"Hetaerina calverti","SG","06","Sacapulas","Quiché","Guatemala",10,-91.089086,15.290081
"MH090617.1","Hetaerina calverti voucher HamSG7 cytochrome oxidase subunit I gene, partial cds; mitochondrial",2606447,629,"Hetaerina calverti","SG","07","Sacapulas","Quiché","Guatemala",10,-91.089086,15.290081
"MH090618.1","Hetaerina calverti voucher HamSG8 cytochrome oxidase subunit I gene, partial cds; mitochondrial",2606447,629,"Hetaerina calverti","SG","08","Sacapulas","Quiché","Guatemala",10,-91.089086,15.290081
"MH090619.1","Hetaerina calverti voucher HamSG9 cytochrome oxidase subunit I gene, partial cds; mitochondrial",2606447,629,"Hetaerina calverti","SG","09","Sacapulas","Quiché","Guatemala",10,-91.089086,15.290081
"MH090620.1","Hetaerina calverti voucher HamSM1 cytochrome oxidase subunit I gene, partial cds; mitochondrial",2606447,629,"Hetaerina calverti","SM","01","San Marcos","Puebla","Mexico",10,-97.87192,20.39233
"MH090621.1","Hetaerina calverti voucher HamSM10 cytochrome oxidase subunit I gene, partial cds; mitochondrial",2606447,629,"Hetaerina calverti","SM","10","San Marcos","Puebla","Mexico",10,-97.87192,20.39233
"MH090622.1","Hetaerina calverti voucher HamSM2 cytochrome oxidase subunit I gene, partial cds; mitochondrial",2606447,629,"Hetaerina calverti","SM","02","San Marcos","Puebla","Mexico",10,-97.87192,20.39233
"MH090623.1","Hetaerina calverti voucher HamSM3 cytochrome oxidase subunit I gene, partial cds; mitochondrial",2606447,629,"Hetaerina calverti","SM","03","San Marcos","Puebla","Mexico",10,-97.87192,20.39233
"MH090624.1","Hetaerina calverti voucher HamSM4 cytochrome oxidase subunit I gene, partial cds; mitochondrial",2606447,629,"Hetaerina calverti","SM","04","San Marcos","Puebla","Mexico",10,-97.87192,20.39233
"MH090625.1","Hetaerina calverti voucher HamSM5 cytochrome oxidase subunit I gene, partial cds; mitochondrial",2606447,629,"Hetaerina calverti","SM","05","San Marcos","Puebla","Mexico",10,-97.87192,20.39233
"MH090626.1","Hetaerina calverti voucher HamSM6 cytochrome oxidase subunit I gene, partial cds; mitochondrial",2606447,629,"Hetaerina calverti","SM","06","San Marcos","Puebla","Mexico",10,-97.87192,20.39233
"MH090627.1","Hetaerina calverti voucher HamSM7 cytochrome oxidase subunit I gene, partial cds; mitochondrial",2606447,629,"Hetaerina calverti","SM","07","San Marcos","Puebla","Mexico",10,-97.87192,20.39233
"MH090628.1","Hetaerina calverti voucher HamSM8 cytochrome oxidase subunit I gene, partial cds; mitochondrial",2606447,629,"Hetaerina calverti","SM","08","San Marcos","Puebla","Mexico",10,-97.87192,20.39233
"MH090629.1","Hetaerina calverti voucher HamSM9 cytochrome oxidase subunit I gene, partial cds; mitochondrial",2606447,629,"Hetaerina calverti","SM","09","San Marcos","Puebla","Mexico",10,-97.87192,20.39233
"MH090630.1","Hetaerina americana voucher HamSN1 cytochrome oxidase subunit I gene, partial cds; mitochondrial",62018,635,"Hetaerina americana","SN","01","San Nicolás","Sonora","Mexico",10,-109.191303,28.429343
"MH090631.1","Hetaerina americana voucher HamSN10 cytochrome oxidase subunit I gene, partial cds; mitochondrial",62018,635,"Hetaerina americana","SN","10","San Nicolás","Sonora","Mexico",10,-109.191303,28.429343
"MH090632.1","Hetaerina americana voucher HamSN2 cytochrome oxidase subunit I gene, partial cds; mitochondrial",62018,635,"Hetaerina americana","SN","02","San Nicolás","Sonora","Mexico",10,-109.191303,28.429343
"MH090633.1","Hetaerina americana voucher HamSN3 cytochrome oxidase subunit I gene, partial cds; mitochondrial",62018,635,"Hetaerina americana","SN","03","San Nicolás","Sonora","Mexico",10,-109.191303,28.429343
"MH090634.1","Hetaerina americana voucher HamSN4 cytochrome oxidase subunit I gene, partial cds; mitochondrial",62018,635,"Hetaerina americana","SN","04","San Nicolás","Sonora","Mexico",10,-109.191303,28.429343
"MH090635.1","Hetaerina americana voucher HamSN5 cytochrome oxidase subunit I gene, partial cds; mitochondrial",62018,635,"Hetaerina americana","SN","05","San Nicolás","Sonora","Mexico",10,-109.191303,28.429343
"MH090636.1","Hetaerina americana voucher HamSN6 cytochrome oxidase subunit I gene, partial cds; mitochondrial",62018,635,"Hetaerina americana","SN","06","San Nicolás","Sonora","Mexico",10,-109.191303,28.429343
"MH090637.1","Hetaerina americana voucher HamSN7 cytochrome oxidase subunit I gene, partial cds; mitochondrial",62018,635,"Hetaerina americana","SN","07","San Nicolás","Sonora","Mexico",10,-109.191303,28.429343
"MH090638.1","Hetaerina americana voucher HamSN8 cytochrome oxidase subunit I gene, partial cds; mitochondrial",62018,635,"Hetaerina americana","SN","08","San Nicolás","Sonora","Mexico",10,-109.191303,28.429343
"MH090639.1","Hetaerina americana voucher HamSN9 cytochrome oxidase subunit I gene, partial cds; mitochondrial",62018,635,"Hetaerina americana","SN","09","San Nicolás","Sonora","Mexico",10,-109.191303,28.429343
"MH090640.1","Hetaerina americana voucher HamTo1 cytochrome oxidase subunit I gene, partial cds; mitochondrial",62018,635,"Hetaerina americana","To","01","Tomochic","Chihuahua","Mexico",2,-107.853641,28.353155
"MH090641.1","Hetaerina americana voucher HamTo2 cytochrome oxidase subunit I gene, partial cds; mitochondrial",62018,635,"Hetaerina americana","To","02","Tomochic","Chihuahua","Mexico",2,-107.853641,28.353155
"MH090642.1","Hetaerina calverti voucher HamVe1 cytochrome oxidase subunit I gene, partial cds; mitochondrial",2606447,629,"Hetaerina calverti","Ve","01","Apazapan","Veracruz","Mexico",9,-96.721044,19.327447
"MH090643.1","Hetaerina americana voucher HamVe2 cytochrome oxidase subunit I gene, partial cds; mitochondrial",62018,629,"Hetaerina americana","Ve","02","Apazapan","Veracruz","Mexico",9,-96.721044,19.327447
"MH090644.1","Hetaerina calverti voucher HamVe3 cytochrome oxidase subunit I gene, partial cds; mitochondrial",2606447,629,"Hetaerina calverti","Ve","03","Apazapan","Veracruz","Mexico",9,-96.721044,19.327447
"MH090645.1","Hetaerina americana voucher HamVe4 cytochrome oxidase subunit I gene, partial cds; mitochondrial",62018,629,"Hetaerina americana","Ve","04","Apazapan","Veracruz","Mexico",9,-96.721044,19.327447
"MH090646.1","Hetaerina calverti voucher HamVe5 cytochrome oxidase subunit I gene, partial cds; mitochondrial",2606447,629,"Hetaerina calverti","Ve","05","Apazapan","Veracruz","Mexico",9,-96.721044,19.327447
"MH090647.1","Hetaerina calverti voucher HamVe6 cytochrome oxidase subunit I gene, partial cds; mitochondrial",2606447,629,"Hetaerina calverti","Ve","06","Apazapan","Veracruz","Mexico",9,-96.721044,19.327447
"MH090648.1","Hetaerina americana voucher HamVe8 cytochrome oxidase subunit I gene, partial cds; mitochondrial",62018,629,"Hetaerina americana","Ve","08","Apazapan","Veracruz","Mexico",9,-96.721044,19.327447
"MH090649.1","Hetaerina americana voucher HamVe9 cytochrome oxidase subunit I gene, partial cds; mitochondrial",62018,629,"Hetaerina americana","Ve","09","Apazapan","Veracruz","Mexico",9,-96.721044,19.327447
"MH090650.1","Hetaerina americana voucher HamVi1 cytochrome oxidase subunit I gene, partial cds; mitochondrial",62018,635,"Hetaerina americana","Vi","01","Villaldama","Nuevo León","Mexico",10,-100.43224,26.49984
"MH090651.1","Hetaerina americana voucher HamVi10 cytochrome oxidase subunit I gene, partial cds; mitochondrial",62018,635,"Hetaerina americana","Vi","10","Villaldama","Nuevo León","Mexico",10,-100.43224,26.49984
"MH090652.1","Hetaerina americana voucher HamVi2 cytochrome oxidase subunit I gene, partial cds; mitochondrial",62018,635,"Hetaerina americana","Vi","02","Villaldama","Nuevo León","Mexico",10,-100.43224,26.49984
"MH090653.1","Hetaerina americana voucher HamVi3 cytochrome oxidase subunit I gene, partial cds; mitochondrial",62018,635,"Hetaerina americana","Vi","03","Villaldama","Nuevo León","Mexico",10,-100.43224,26.49984
"MH090654.1","Hetaerina americana voucher HamVi4 cytochrome oxidase subunit I gene, partial cds; mitochondrial",62018,635,"Hetaerina americana","Vi","04","Villaldama","Nuevo León","Mexico",10,-100.43224,26.49984
"MH090655.1","Hetaerina americana voucher HamVi5 cytochrome oxidase subunit I gene, partial cds; mitochondrial",62018,635,"Hetaerina americana","Vi","05","Villaldama","Nuevo León","Mexico",10,-100.43224,26.49984
"MH090656.1","Hetaerina americana voucher HamVi6 cytochrome oxidase subunit I gene, partial cds; mitochondrial",62018,635,"Hetaerina americana","Vi","06","Villaldama","Nuevo León","Mexico",10,-100.43224,26.49984
"MH090657.1","Hetaerina americana voucher HamVi7 cytochrome oxidase subunit I gene, partial cds; mitochondrial",62018,635,"Hetaerina americana","Vi","07","Villaldama","Nuevo León","Mexico",10,-100.43224,26.49984
"MH090658.1","Hetaerina americana voucher HamVi8 cytochrome oxidase subunit I gene, partial cds; mitochondrial",62018,635,"Hetaerina americana","Vi","08","Villaldama","Nuevo León","Mexico",10,-100.43224,26.49984
"MH090659.1","Hetaerina americana voucher HamVi9 cytochrome oxidase subunit I gene, partial cds; mitochondrial",62018,635,"Hetaerina americana","Vi","09","Villaldama","Nuevo León","Mexico",10,-100.43224,26.49984
"MH090660.1","Hetaerina calverti voucher HamZa1 cytochrome oxidase subunit I gene, partial cds; mitochondrial",2606447,635,"Hetaerina calverti","Za","01","Zaragoza","Coahuila","Mexico",10,-100.91071,28.48658
"MH090661.1","Hetaerina calverti voucher HamZa10 cytochrome oxidase subunit I gene, partial cds; mitochondrial",2606447,635,"Hetaerina calverti","Za","10","Zaragoza","Coahuila","Mexico",10,-100.91071,28.48658
"MH090662.1","Hetaerina calverti voucher HamZa2 cytochrome oxidase subunit I gene, partial cds; mitochondrial",2606447,635,"Hetaerina calverti","Za","02","Zaragoza","Coahuila","Mexico",10,-100.91071,28.48658
"MH090663.1","Hetaerina americana voucher HamZa3 cytochrome oxidase subunit I gene, partial cds; mitochondrial",62018,635,"Hetaerina americana","Za","03","Zaragoza","Coahuila","Mexico",10,-100.91071,28.48658
"MH090664.1","Hetaerina americana voucher HamZa4 cytochrome oxidase subunit I gene, partial cds; mitochondrial",62018,635,"Hetaerina americana","Za","04","Zaragoza","Coahuila","Mexico",10,-100.91071,28.48658
"MH090665.1","Hetaerina calverti voucher HamZa5 cytochrome oxidase subunit I gene, partial cds; mitochondrial",2606447,635,"Hetaerina calverti","Za","05","Zaragoza","Coahuila","Mexico",10,-100.91071,28.48658
"MH090666.1","Hetaerina americana voucher HamZa6 cytochrome oxidase subunit I gene, partial cds; mitochondrial",62018,635,"Hetaerina americana","Za","06","Zaragoza","Coahuila","Mexico",10,-100.91071,28.48658
"MH090667.1","Hetaerina calverti voucher HamZa7 cytochrome oxidase subunit I gene, partial cds; mitochondrial",2606447,635,"Hetaerina calverti","Za","07","Zaragoza","Coahuila","Mexico",10,-100.91071,28.48658
"MH090668.1","Hetaerina calverti voucher HamZa8 cytochrome oxidase subunit I gene, partial cds; mitochondrial",2606447,635,"Hetaerina calverti","Za","08","Zaragoza","Coahuila","Mexico",10,-100.91071,28.48658
"MH090669.1","Hetaerina calverti voucher HamZa9 cytochrome oxidase subunit I gene, partial cds; mitochondrial",2606447,635,"Hetaerina calverti","Za","09","Zaragoza","Coahuila","Mexico",10,-100.91071,28.48658
